Invoice No.,Invoice Date,Name,Plan Name,Net Sale Amount,SGST,CGST,Total Amount,Amount Pending,Received Amount,Cash,Card,Cheque,Online
None,26-08-26,dinesh m r,3 Month's,2499,0,0,2499.0,0.0,2499.0,0.0,0.0,0.0,2499.0
None,24-08-26,mohan kumar r,3 Month's,2000,0,0,2000.0,0.0,2000.0,2000.0,0.0,0.0,0.0
None,22-08-26,prajwal pujari,3 Month's,2499,0,0,2499.0,0.0,2499.0,2499.0,0.0,0.0,0.0
None,20-08-26,darshan n,3 Month's,2000,0,0,2000.0,0.0,2000.0,0.0,0.0,0.0,2000.0
,17-08-26,soorath,1 Year membership,6999,0,0,6999.0,6999.0,0.0,0.0,0.0,0.0,0.0
None,17-08-26,shashank,1 Year membership,6999,0,0,6999.0,6999.0,0.0,0.0,0.0,0.0,0.0
None,17-08-26,krishna,1 Month gym membership,999,0,0,999.0,0.0,999.0,0.0,0.0,0.0,999.0
None,17-08-26,voshin,1 Year membership,6999,0,0,6999.0,4999.0,2000.0,0.0,0.0,0.0,2000.0
None,12-08-26,bhargav,3 Month's,2499,0,0,2499.0,0.0,2499.0,0.0,0.0,0.0,2499.0
None,11-08-26,bivanth k,1 Year membership,6999,0,0,6999.0,0.0,6999.0,6999.0,0.0,0.0,0.0
None,10-08-26,roshan mn,1 Month gym membership,999,0,0,999.0,0.0,999.0,0.0,0.0,0.0,999.0
None,10-08-26,aditi,DEMO,6000,0,0,6000.0,0.0,6000.0,0.0,0.0,0.0,6000.0
None,06-08-26,akshay d s,3 Month's,2499,0,0,2499.0,0.0,2499.0,0.0,0.0,0.0,2499.0
None,06-08-26,ganesh s,1 Month gym membership,999,0,0,999.0,0.0,999.0,0.0,0.0,0.0,999.0
None,06-08-26,Adi U P,3 Month's,2499,0,0,2499.0,0.0,2499.0,0.0,0.0,0.0,2499.0
None,06-08-26,Arun surya,3 Month's,2499,0,0,2499.0,0.0,2499.0,2499.0,0.0,0.0,0.0
None,06-08-26,sachin sm,1 Year membership,6999,0,0,6999.0,0.0,6999.0,0.0,0.0,0.0,6999.0
None,06-08-26,Sumanth,3 Month's,2499,0,0,2499.0,0.0,2499.0,0.0,0.0,0.0,2499.0
None,05-08-26,revanna s,3 Month's,2000,0,0,2000.0,0.0,2000.0,0.0,0.0,0.0,2000.0
None,05-08-26,SHARATH S N,1 Month gym membership,999,0,0,999.0,0.0,999.0,0.0,0.0,0.0,999.0
None,04-08-26,vedanth v,3 Month's,2499,0,0,2499.0,0.0,2499.0,0.0,0.0,0.0,2499.0
None,30-07-26,punith h r,3 Month's,2499,0,0,2499.0,0.0,2499.0,0.0,0.0,0.0,2499.0
None,29-07-26,Jeevitha,1 Month gym membership,999,0,0,999.0,0.0,999.0,0.0,0.0,0.0,999.0
None,29-07-26,aditi,1 Month gym membership,999,0,0,999.0,0.0,999.0,0.0,0.0,0.0,999.0
None,22-07-26,raviprasad,1 Month gym membership,999,0,0,999.0,0.0,999.0,0.0,0.0,0.0,999.0
,21-07-26,akshay p,1 Month gym membership,999,0,0,999.0,999.0,0.0,0.0,0.0,0.0,0.0
None,21-07-26,jai vaibhav,3 Month's,2499,0,0,2499.0,0.0,2499.0,2499.0,0.0,0.0,0.0
None,21-07-26,dashami s,3 Month's,2499,0,0,2499.0,0.0,2499.0,0.0,0.0,0.0,2499.0
None,17-07-26,MANJYADAV,1 Month gym membership,999,0,0,999.0,0.0,999.0,0.0,0.0,0.0,999.0
None,15-07-26,puneeth kumar c,1 Month gym membership,999,0,0,999.0,0.0,999.0,0.0,0.0,0.0,999.0
None,15-07-26,srinivas m,3 Month's,2000,0,0,2000.0,0.0,2000.0,0.0,0.0,0.0,2000.0
None,15-07-26,bairavi b,3 Month's,2499,0,0,2499.0,0.0,2499.0,0.0,0.0,0.0,2499.0
None,14-07-26,pavan m m,1 Month gym membership,999,0,0,999.0,0.0,999.0,999.0,0.0,0.0,0.0
None,14-07-26,natesh m,1 Month gym membership,999,0,0,999.0,0.0,999.0,999.0,0.0,0.0,0.0
None,13-07-26,lohith a,3 Month's,2499,0,0,2499.0,0.0,2499.0,0.0,0.0,0.0,2499.0
None,13-07-26,anusha k,1 Month gym membership,999,0,0,999.0,0.0,999.0,0.0,0.0,0.0,999.0
None,11-07-26,sinchana n,1 Year membership,6999,0,0,6999.0,0.0,6999.0,0.0,0.0,0.0,6999.0
None,08-07-26,ganesh s,1 Month gym membership,999,0,0,999.0,0.0,999.0,0.0,0.0,0.0,999.0
None,08-07-26,krishna,1 Month gym membership,999,0,0,999.0,0.0,999.0,0.0,0.0,0.0,999.0
,06-07-26,VERESH S,3 Month's,2499,0,0,2499.0,2499.0,0.0,0.0,0.0,0.0,0.0
None,06-07-26,AVINASH N,3 Month's,2499,0,0,2499.0,0.0,2499.0,0.0,0.0,0.0,2499.0
None,06-07-26,DHANUSH B M,3 Month's,2499,0,0,2499.0,0.0,2499.0,0.0,0.0,0.0,2499.0
None,06-07-26,PRAKASH A,3 Month's,2499,0,0,2499.0,0.0,2499.0,0.0,0.0,0.0,2499.0
None,06-07-26,YASHVANTH R,3 Month's,2499,0,0,2499.0,0.0,2499.0,0.0,0.0,0.0,2499.0
None,03-07-26,PRASHANTH C,3 Month's,2499,0,0,2499.0,0.0,2499.0,0.0,0.0,0.0,2499.0
None,01-07-26,vedanth v,1 Month gym membership,999,0,0,999.0,0.0,999.0,999.0,0.0,0.0,0.0
None,24-06-26,prasahanth s,3 Month's,2499,0,0,2499.0,0.0,2499.0,0.0,0.0,0.0,2499.0
None,23-06-26,guru raj p,3 Month's,2499,0,0,2499.0,0.0,2499.0,0.0,0.0,0.0,2499.0
None,22-06-26,CHETHAN G,3 Month's,2000,0,0,2000.0,0.0,2000.0,0.0,0.0,0.0,2000.0
None,22-06-26,shivu k,3 Month's,2499,0,0,2499.0,0.0,2499.0,0.0,0.0,0.0,2499.0
None,22-06-26,abilash,3 Month's,2499,0,0,2499.0,0.0,2499.0,0.0,0.0,0.0,2499.0
None,22-06-26,KARTHIK V,3 Month's,2000,0,0,2000.0,0.0,2000.0,0.0,0.0,0.0,2000.0
None,18-06-26,sukrutha k,3 Month's,2499,0,0,2499.0,0.0,2499.0,0.0,0.0,0.0,2499.0
None,18-06-26,jai vaibhav,1 Month gym membership,999,0,0,999.0,0.0,999.0,999.0,0.0,0.0,0.0
None,18-06-26,puneeth kumar c,1 Month gym membership,999,0,0,999.0,0.0,999.0,0.0,0.0,0.0,999.0
None,18-06-26,GIRESH S,1 Year membership,6999,0,0,6999.0,6999.0,0.0,0.0,0.0,0.0,0.0
None,15-06-26,simon david,3 Month's,2499,0,0,2499.0,0.0,2499.0,2499.0,0.0,0.0,0.0
None,11-06-26,chandra shaker gl,1 Year membership,5999,0,0,5999.0,0.0,5999.0,5999.0,0.0,0.0,0.0
None,09-06-26,inchara r,1 Year membership,6999,0,0,6999.0,0.0,6999.0,6999.0,0.0,0.0,0.0
None,08-06-26,pavan n,3 Month's,2499,0,0,2499.0,999.0,1500.0,0.0,0.0,0.0,1500.0
None,08-06-26,ajay m,3 Month's,2499,0,0,2499.0,0.0,2499.0,0.0,0.0,0.0,2499.0
None,05-06-26,sanjay h,3 Month's,2000,0,0,2000.0,0.0,2000.0,2000.0,0.0,0.0,0.0
None,04-06-26,ganesh s,1 Month gym membership,999,0,0,999.0,0.0,999.0,0.0,0.0,0.0,999.0
None,04-06-26,dinesh,1 Month gym membership,999,0,0,999.0,0.0,999.0,0.0,0.0,0.0,999.0
None,04-06-26,krishna,1 Month gym membership,999,0,0,999.0,0.0,999.0,999.0,0.0,0.0,0.0
None,03-06-26,sanjay,1 Month gym membership,999,0,0,999.0,0.0,999.0,999.0,0.0,0.0,0.0
None,03-06-26,rajesh,3 Month's,2499,0,0,2499.0,0.0,2499.0,0.0,0.0,0.0,2499.0
None,03-06-26,santhosh kumar,3 Month's,2499,0,0,2499.0,0.0,2499.0,0.0,0.0,0.0,2499.0
None,03-06-26,chandan,1 Month gym membership,999,0,0,999.0,0.0,999.0,0.0,0.0,0.0,999.0
None,02-06-26,varun h c,1 Month gym membership,999,0,0,999.0,0.0,999.0,0.0,0.0,0.0,999.0
None,01-06-26,hemalatha r,3 Month's,2000,0,0,2000.0,0.0,2000.0,0.0,0.0,0.0,2000.0
None,28-05-26,mohan kumar r,3 Month's,2000,0,0,2000.0,0.0,2000.0,2000.0,0.0,0.0,0.0
None,27-05-26,darshan g,3 Month's,2499,0,0,2499.0,0.0,2499.0,0.0,0.0,0.0,2499.0
None,27-05-26,manoj m,3 Month's,2499,0,0,2499.0,0.0,2499.0,0.0,0.0,0.0,2499.0
None,25-05-26,chethan m,3 Month's,2000,0,0,2000.0,0.0,2000.0,2000.0,0.0,0.0,0.0
,21-05-26,mahendra m,3 Month's,2500,0,0,2500.0,2500.0,0.0,0.0,0.0,0.0,0.0
None,21-05-26,pruthvi,1 Month gym membership,999,0,0,999.0,0.0,999.0,999.0,0.0,0.0,0.0
None,21-05-26,harsha gowda b,1 Month gym membership,999,0,0,999.0,0.0,999.0,0.0,0.0,0.0,999.0
None,20-05-26,arunkumar s,3 Month's,2499,0,0,2499.0,0.0,2499.0,0.0,0.0,0.0,2499.0
None,20-05-26,kiran a,1 Month gym membership,800,0,0,800.0,0.0,800.0,800.0,0.0,0.0,0.0
None,19-05-26,punith h r,3 Month's,2499,0,0,2499.0,0.0,2499.0,0.0,0.0,0.0,2499.0
None,18-05-26,rohith k,1 Year membership,6499,0,0,6499.0,3499.0,3000.0,0.0,0.0,0.0,3000.0
None,14-05-26,achutha r,1 Month gym membership,800,0,0,800.0,0.0,800.0,0.0,0.0,0.0,800.0
None,13-05-26,jevan kumar m,1 Month gym membership,800,0,0,800.0,0.0,800.0,800.0,0.0,0.0,0.0
None,11-05-26,srinivas m,3 Month's,2000,0,0,2000.0,0.0,2000.0,0.0,0.0,0.0,2000.0
,08-05-26,sukrutha k,1 Month gym membership,999,0,0,999.0,999.0,0.0,0.0,0.0,0.0,0.0
None,06-05-26,sachin sm,3 Month's,2499,0,0,2499.0,0.0,2499.0,0.0,0.0,0.0,2499.0
None,05-05-26,srinivas m,3 Month's,2200,0,0,2200.0,200.0,2000.0,0.0,0.0,0.0,2000.0
None,30-04-26,ganesh,1 Month gym membership,999,0,0,999.0,0.0,999.0,0.0,0.0,0.0,999.0
None,29-04-26,vinod m,1 Month gym membership,999,0,0,999.0,0.0,999.0,999.0,0.0,0.0,0.0
None,27-04-26,yashas,1 Month gym membership,999,0,0,999.0,0.0,999.0,999.0,0.0,0.0,0.0
None,23-04-26,ragu c,3 Month's,2499,0,0,2499.0,0.0,2499.0,0.0,0.0,0.0,2499.0
,15-04-26,puneeth kumar c,1 Month gym membership,999,0,0,999.0,999.0,0.0,0.0,0.0,0.0,0.0
None,15-04-26,puneeth kumar c,1 Month gym membership,999,0,0,999.0,0.0,999.0,999.0,0.0,0.0,0.0
None,15-04-26,jeevan g,1 Month gym membership,999,0,0,999.0,0.0,999.0,999.0,0.0,0.0,0.0
None,14-04-26,sagar s,3 Month's,2000,0,0,2000.0,0.0,2000.0,0.0,0.0,0.0,2000.0
None,13-04-26,nandha e,1 Month gym membership,999,0,0,999.0,0.0,999.0,0.0,0.0,0.0,999.0
None,11-04-26,nithin raj,1 Month gym membership,999,0,0,999.0,0.0,999.0,0.0,0.0,0.0,999.0
None,10-04-26,revanna s,3 Month's,2000,0,0,2000.0,0.0,2000.0,0.0,0.0,0.0,2000.0
None,09-04-26,armaan,1 Month gym membership,999,0,0,999.0,499.0,500.0,500.0,0.0,0.0,0.0
None,09-04-26,honey sing,1 Month gym membership,999,0,0,999.0,0.0,999.0,0.0,0.0,0.0,999.0
None,08-04-26,madhu p,1 Year membership,6999,0,0,6999.0,1000.0,5999.0,999.0,0.0,0.0,5000.0
None,07-04-26,darshan n,3 Month's,2000,0,0,2000.0,0.0,2000.0,0.0,0.0,0.0,2000.0
None,07-04-26,shweetha k,3 Month's,2499,0,0,2499.0,0.0,2499.0,0.0,0.0,0.0,2499.0
None,02-04-26,nandhan m,3 Month's,2499,0,0,2499.0,0.0,2499.0,0.0,0.0,0.0,2499.0
None,31-03-26,harish,1 Month gym membership,999,0,0,999.0,0.0,999.0,0.0,0.0,0.0,999.0
None,28-03-26,varadharaj gowda,6 Month's,4999,0,0,4999.0,2500.0,2499.0,0.0,0.0,0.0,2499.0
None,26-03-26,sharath,1 Month gym membership,999,0,0,999.0,0.0,999.0,999.0,0.0,0.0,0.0
None,23-03-26,prajwal n,3 Month's,2499,0,0,2499.0,1499.0,1000.0,0.0,0.0,0.0,1000.0
None,18-03-26,kishor s,3 Month's,2499,0,0,2499.0,0.0,2499.0,2499.0,0.0,0.0,0.0
None,17-03-26,ganesh,1 Month gym membership,999,0,0,999.0,0.0,999.0,0.0,0.0,0.0,999.0
None,16-03-26,mallesh d,3 Month's,2000,0,0,2000.0,0.0,2000.0,0.0,0.0,0.0,2000.0
None,16-03-26,srinivas m,3 Month's,2000,0,0,2000.0,0.0,2000.0,0.0,0.0,0.0,2000.0
None,12-03-26,prasahanth s,3 Month's,2499,0,0,2499.0,0.0,2499.0,0.0,0.0,0.0,2499.0
None,11-03-26,tharun d,1 Month gym membership,999,0,0,999.0,0.0,999.0,0.0,0.0,0.0,999.0
None,11-03-26,yashas,1 Month gym membership,999,0,0,999.0,0.0,999.0,0.0,0.0,0.0,999.0
None,11-03-26,nithin raj,1 Month gym membership,999,0,0,999.0,0.0,999.0,0.0,0.0,0.0,999.0
None,11-03-26,sheen saywoj,1 Month gym membership,999,0,0,999.0,0.0,999.0,0.0,0.0,0.0,999.0
None,11-03-26,nandha e,1 Month gym membership,999,0,0,999.0,0.0,999.0,0.0,0.0,0.0,999.0
None,11-03-26,dhanush k,3 Month's,2000,0,0,2000.0,0.0,2000.0,2000.0,0.0,0.0,0.0
None,11-03-26,vipul,3 Month's,2000,0,0,2000.0,0.0,2000.0,2000.0,0.0,0.0,0.0
None,11-03-26,abhay s,3 Month's,2000,0,0,2000.0,0.0,2000.0,0.0,0.0,0.0,2000.0
None,10-03-26,yashvanth r,3 Month's,2499,0,0,2499.0,0.0,2499.0,0.0,0.0,0.0,2499.0
None,03-03-26,pramod as,6 Month's,4999,0,0,4999.0,0.0,4999.0,0.0,0.0,0.0,4999.0
None,03-03-26,pruthvi,1 Month gym membership,999,0,0,999.0,0.0,999.0,999.0,0.0,0.0,0.0
None,03-03-26,surya,1 Month gym membership,999,0,0,999.0,0.0,999.0,999.0,0.0,0.0,0.0
None,23-02-26,mohan kumar r,3 Month's,2000,0,0,2000.0,0.0,2000.0,2000.0,0.0,0.0,0.0
None,19-02-26,hemanth m,3 Month's,2499,0,0,2499.0,799.0,1700.0,0.0,0.0,0.0,1700.0
,17-02-26,abilash,3 Month's,2499,0,0,2499.0,2499.0,0.0,0.0,0.0,0.0,0.0
None,17-02-26,shivu k,3 Month's,2499,0,0,2499.0,0.0,2499.0,0.0,0.0,0.0,2499.0
None,17-02-26,abilash,3 Month's,2499,0,0,2499.0,0.0,2499.0,0.0,0.0,0.0,2499.0
None,16-02-26,rajesh s,6 Month's,4999,0,0,4999.0,2999.0,2000.0,2000.0,0.0,0.0,0.0
None,11-02-26,sandeep,1 Month gym membership,999,0,0,999.0,0.0,999.0,0.0,0.0,0.0,999.0
None,10-02-26,sheen saywoj,1 Month gym membership,999,0,0,999.0,0.0,999.0,0.0,0.0,0.0,999.0
,09-02-26,srinivas m,1 Month gym membership,999,0,0,999.0,999.0,0.0,0.0,0.0,0.0,0.0
None,09-02-26,mallesh d,1 Month gym membership,999,0,0,999.0,0.0,999.0,0.0,0.0,0.0,999.0
None,05-02-26,sachin sm,3 Month's,2499,0,0,2499.0,0.0,2499.0,0.0,0.0,0.0,2499.0
None,03-02-26,varsith,3 Month's,2499,0,0,2499.0,0.0,2499.0,0.0,0.0,0.0,2499.0
None,02-02-26,abi n,3 Month's,2499,0,0,2499.0,0.0,2499.0,0.0,0.0,0.0,2499.0
None,02-02-26,ajith,3 Month's,2499,0,0,2499.0,0.0,2499.0,2499.0,0.0,0.0,0.0
None,31-01-26,bairavi b,3 Month's,2000,0,0,2000.0,0.0,2000.0,2000.0,0.0,0.0,0.0
None,31-01-26,dhanaraj,3 Month's,2000,0,0,2000.0,0.0,2000.0,0.0,0.0,0.0,2000.0
None,29-01-26,roshan mn,1 Month gym membership,999,0,0,999.0,0.0,999.0,0.0,0.0,0.0,999.0
None,29-01-26,sinchana n,3 Month's,2499,0,0,2499.0,0.0,2499.0,2499.0,0.0,0.0,0.0
None,28-01-26,likhith r,1 Year membership,6499,0,0,6499.0,0.0,6499.0,0.0,0.0,0.0,6499.0
None,27-01-26,vitthesh r,3 Month's,2499,0,0,2499.0,0.0,2499.0,0.0,0.0,0.0,2499.0
None,19-01-26,shwetha hk,3 Month's,2499,0,0,2499.0,0.0,2499.0,2499.0,0.0,0.0,0.0
None,07-01-26,revanna s,3 Month's,2000,0,0,2000.0,0.0,2000.0,0.0,0.0,0.0,2000.0
None,07-01-26,ganesh p n,1 Month gym membership,999,0,0,999.0,0.0,999.0,999.0,0.0,0.0,0.0
None,06-01-26,Harish S,3 Month's,2000,0,0,2000.0,1000.0,1000.0,1000.0,0.0,0.0,0.0
,05-01-26,yashvwanth s,1 Year membership,6999,0,0,6999.0,6999.0,0.0,0.0,0.0,0.0,0.0
None,03-01-26,SHASHANK M,3 Month's,2499,0,0,2499.0,0.0,2499.0,0.0,0.0,0.0,2499.0
None,01-01-26,sandeep,1 Month gym membership,999,0,0,999.0,0.0,999.0,0.0,0.0,0.0,999.0
None,31-12-25,balaji n,1 Month gym membership,999,0,0,999.0,0.0,999.0,0.0,0.0,0.0,999.0
None,30-12-25,jagadeesh,1 Month gym membership,999,0,0,999.0,0.0,999.0,0.0,0.0,0.0,999.0
None,30-12-25,varadharaj gowda,3 Month's,2000,0,0,2000.0,0.0,2000.0,2000.0,0.0,0.0,0.0
None,26-12-25,abi n,1 Month gym membership,999,0,0,999.0,0.0,999.0,999.0,0.0,0.0,0.0
None,24-12-25,dilep,3 Month's,2000,0,0,2000.0,0.0,2000.0,2000.0,0.0,0.0,0.0
None,24-12-25,sagar s,3 Month's,2000,0,0,2000.0,0.0,2000.0,2000.0,0.0,0.0,0.0
None,22-12-25,nandha yadav s,1 Month gym membership,999,0,0,999.0,0.0,999.0,0.0,0.0,0.0,999.0
None,18-12-25,BARATH B M,3 Month's,2499,0,0,2499.0,0.0,2499.0,0.0,0.0,0.0,2499.0
None,15-12-25,TILAK RAJ,3 Month's,2499,0,0,2499.0,0.0,2499.0,0.0,0.0,0.0,2499.0
None,10-12-25,prasahanth s,3 Month's,2499,0,0,2499.0,0.0,2499.0,2499.0,0.0,0.0,0.0
None,10-12-25,mahesh r,1 Month gym membership,999,0,0,999.0,0.0,999.0,999.0,0.0,0.0,0.0
None,10-12-25,dananjay h r,1 Month gym membership,999,0,0,999.0,0.0,999.0,0.0,0.0,0.0,999.0
None,10-12-25,sagar m n,1 Month gym membership,999,0,0,999.0,0.0,999.0,0.0,0.0,0.0,999.0
None,10-12-25,preetham m,1 Year membership,6999,0,0,6999.0,0.0,6999.0,6999.0,0.0,0.0,0.0
None,10-12-25,Suhas N,1 Year membership,5999,0,0,5999.0,0.0,5999.0,5999.0,0.0,0.0,0.0
None,08-12-25,gagan c r,3 Month's,2499,0,0,2499.0,0.0,2499.0,0.0,0.0,0.0,2499.0
None,08-12-25,sangamesh v m,3 Month's,2000,0,0,2000.0,0.0,2000.0,2000.0,0.0,0.0,0.0
None,04-12-25,spoorthi r,1 Year membership,6999,0,0,6999.0,0.0,6999.0,6999.0,0.0,0.0,0.0
None,04-12-25,prasanna gp,6 Month's,4999,0,0,4999.0,0.0,4999.0,2999.0,0.0,0.0,2000.0
None,04-12-25,keerthi m,1 Year membership,6999,0,0,6999.0,0.0,6999.0,0.0,0.0,0.0,6999.0
None,02-12-25,yashas,1 Month gym membership,999,0,0,999.0,0.0,999.0,999.0,0.0,0.0,0.0
,01-12-25,abi n,1 Month gym membership,999,0,0,999.0,999.0,0.0,0.0,0.0,0.0,0.0
None,25-11-25,madhu sudan v,3 Month's,2499,0,0,2499.0,0.0,2499.0,0.0,0.0,0.0,2499.0
None,24-11-25,yashvanth r,3 Month's,2499,0,0,2499.0,0.0,2499.0,0.0,0.0,0.0,2499.0
None,24-11-25,yashvanth r,3 Month's,2499,0,0,2499.0,0.0,2499.0,0.0,0.0,0.0,2499.0
None,24-11-25,sumanth s,3 Month's,2499,0,0,2499.0,0.0,2499.0,2499.0,0.0,0.0,0.0
None,10-11-25,melchi,3 Month's,2000,0,0,2000.0,0.0,2000.0,0.0,0.0,0.0,2000.0
None,06-11-25,srinivas m,3 Month's,2499,0,0,2499.0,0.0,2499.0,2499.0,0.0,0.0,0.0
None,03-11-25,ARYA,3 Month's,2000,0,0,2000.0,0.0,2000.0,0.0,0.0,0.0,2000.0
None,03-11-25,manjunath s,3 Month's,2499,0,0,2499.0,0.0,2499.0,0.0,0.0,0.0,2499.0
None,03-11-25,ROHAN D A,3 Month's,2000,0,0,2000.0,0.0,2000.0,2000.0,0.0,0.0,0.0
None,03-11-25,NEVEDETHA,3 Month's,2000,0,0,2000.0,0.0,2000.0,0.0,0.0,0.0,2000.0
None,01-11-25,basavaraju s,1 Month gym membership,999,0,0,999.0,0.0,999.0,999.0,0.0,0.0,0.0
None,28-10-25,mahadeva s,1 Month gym membership,999,0,0,999.0,0.0,999.0,0.0,0.0,0.0,999.0
None,27-10-25,yashas,1 Month gym membership,999,0,0,999.0,0.0,999.0,999.0,0.0,0.0,0.0
None,27-10-25,sanjeev sb,1 Month gym membership,999,0,0,999.0,0.0,999.0,0.0,0.0,0.0,999.0
None,24-10-25,vitthesh r,3 Month's,2499,0,0,2499.0,0.0,2499.0,2499.0,0.0,0.0,0.0
None,15-10-25,roshan mn,3 Month's,2000,0,0,2000.0,0.0,2000.0,0.0,0.0,0.0,2000.0
None,15-10-25,dananjay h r,1 Month gym membership,999,0,0,999.0,0.0,999.0,0.0,0.0,0.0,999.0
None,15-10-25,sinchana n,3 Month's,2499,0,0,2499.0,0.0,2499.0,2499.0,0.0,0.0,0.0
None,15-10-25,shwetha hk,3 Month's,2499,0,0,2499.0,0.0,2499.0,2499.0,0.0,0.0,0.0
None,14-10-25,krishna h s,1 Month gym membership,999,0,0,999.0,0.0,999.0,0.0,0.0,0.0,999.0
None,14-10-25,nishanth y h,1 Month gym membership,999,0,0,999.0,0.0,999.0,0.0,0.0,0.0,999.0
None,09-10-25,raju c,3 Month's,2499,0,0,2499.0,0.0,2499.0,2499.0,0.0,0.0,0.0
None,08-10-25,sandeep hegde,3 Month's,2499,0,0,2499.0,0.0,2499.0,0.0,0.0,0.0,2499.0
None,07-10-25,revanna s,3 Month's,2000,0,0,2000.0,0.0,2000.0,0.0,0.0,0.0,2000.0
None,06-10-25,prashanth sr,1 Year membership,5999,0,0,5999.0,0.0,5999.0,5999.0,0.0,0.0,0.0
None,27-09-25,arunkumar k k,1 Year membership,5999,0,0,5999.0,0.0,5999.0,0.0,0.0,0.0,5999.0
None,22-09-25,yashas,1 Month gym membership,999,0,0,999.0,0.0,999.0,0.0,0.0,0.0,999.0
None,22-09-25,dhyan n,3 Month's,2000,0,0,2000.0,0.0,2000.0,2000.0,0.0,0.0,0.0
None,22-09-25,chandan m,1 Year membership,5999,0,0,5999.0,0.0,5999.0,2999.0,0.0,0.0,3000.0
None,15-09-25,sanjeev sb,1 Month gym membership,999,0,0,999.0,0.0,999.0,0.0,0.0,0.0,999.0
None,15-09-25,rohan s b,1 Month gym membership,999,0,0,999.0,0.0,999.0,0.0,0.0,0.0,999.0
None,13-09-25,punith h r,3 Month's,2499,0,0,2499.0,0.0,2499.0,0.0,0.0,0.0,2499.0
None,08-09-25,harsha vardan n,6 Month's,5999,0,0,5999.0,0.0,5999.0,5999.0,0.0,0.0,0.0
None,06-09-25,balaji n,3 Month's,2499,0,0,2499.0,0.0,2499.0,0.0,0.0,0.0,2499.0
None,06-09-25,prasahanth s,3 Month's,2499,0,0,2499.0,0.0,2499.0,0.0,0.0,0.0,2499.0
None,04-09-25,chandan b,3 Month's,2300,0,0,2300.0,0.0,2300.0,0.0,0.0,0.0,2300.0
None,04-09-25,parmesh s,3 Month's,2499,0,0,2499.0,0.0,2499.0,2499.0,0.0,0.0,0.0
None,04-09-25,basavanna r,1 Year membership,5999,0,0,5999.0,3000.0,2999.0,0.0,0.0,0.0,2999.0
None,28-08-25,mahesh m,1 Month gym membership,999,0,0,999.0,0.0,999.0,0.0,0.0,0.0,999.0
None,p 28-08-25,arvathamm b,a 1 Year membership,5999,0,0,5999.0,0.0,5999.0,5999.0,0.0,0.0,0.0
None,20-08-25,rajesh s,6 Month's,2000,0,0,2000.0,0.0,2000.0,2000.0,0.0,0.0,0.0
None,20-08-25,mahadev prasad,3 Month's,2000,0,0,2000.0,1000.0,1000.0,1000.0,0.0,0.0,0.0
None,15-08-25,shiv kumar s,3 Month's,2499,0,0,2499.0,0.0,2499.0,0.0,0.0,0.0,2499.0
None,15-08-25,chiranth r,1 Month gym membership,999,0,0,999.0,0.0,999.0,0.0,0.0,0.0,999.0
None,12-08-25,NISHU MK,3 Month's,2499,0,0,2499.0,0.0,2499.0,2499.0,0.0,0.0,0.0
None,12-08-25,shivu k,3 Month's,2499,0,0,2499.0,1499.0,1000.0,1000.0,0.0,0.0,0.0
None,08-08-25,manoj kumar,1 Month gym membership,999,0,0,999.0,0.0,999.0,999.0,0.0,0.0,0.0
None,06-08-25,pooraj k,3 Month's,2499,0,0,2499.0,0.0,2499.0,2499.0,0.0,0.0,0.0
None,05-08-25,manju,3 Month's,2499,0,0,2499.0,0.0,2499.0,2499.0,0.0,0.0,0.0
None,05-08-25,koushik kumar ds,3 Month's,2499,0,0,2499.0,0.0,2499.0,2499.0,0.0,0.0,0.0
None,05-08-25,parmesh s,1 Month gym membership,999,0,0,999.0,0.0,999.0,999.0,0.0,0.0,0.0
None,05-08-25,akash p,3 Month's,2499,0,0,2499.0,0.0,2499.0,2499.0,0.0,0.0,0.0
None,01-08-25,hemanth,3 Month's,2499,0,0,2499.0,0.0,2499.0,0.0,0.0,0.0,2499.0
None,30-07-25,abilash,3 Month's,2499,0,0,2499.0,0.0,2499.0,0.0,0.0,0.0,2499.0
None,29-07-25,vismay r m,1 Year membership,5999,0,0,5999.0,0.0,5999.0,5999.0,0.0,0.0,0.0
None,28-07-25,avinash,3 Month's,2000,0,0,2000.0,0.0,2000.0,2000.0,0.0,0.0,0.0
None,28-07-25,prathik gowda h s,1 Year membership,9,0,0,9.0,0.0,4000.0,0.0,0.0,0.0,4000.0
None,26-07-25,mahadev swamy s,1 Year membership,6999,0,0,6999.0,5999.0,1000.0,1000.0,0.0,0.0,0.0
None,26-07-25,ravi chandra r,1 Year membership,6999,0,0,6999.0,6999.0,0.0,0.0,0.0,0.0,0.0
None,23-07-25,ullas b,1 Year membership,6999,0,0,6999.0,0.0,6999.0,0.0,0.0,0.0,6999.0
None,23-07-25,bivanth k,1 Year membership,6999,0,0,6999.0,3000.0,3999.0,2999.0,0.0,0.0,1000.0
None,23-07-25,suhas l,1 Year membership,5999,0,0,5999.0,0.0,5999.0,0.0,0.0,0.0,5999.0
None,23-07-25,tharun gowda cp,1 Year membership,6999,0,0,6999.0,0.0,6999.0,0.0,0.0,0.0,6999.0
None,22-07-25,pranav c,3 Month's,2000,0,0,2000.0,0.0,2000.0,2000.0,0.0,0.0,0.0
None,18-07-25,likith s,1 Month gym membership,999,0,0,999.0,0.0,999.0,999.0,0.0,0.0,0.0
None,16-07-25,vijaykumar n h,3 Month's,2499,0,0,2499.0,0.0,2499.0,0.0,0.0,0.0,2499.0
None,14-07-25,kavya,1 Year membership,6999,0,0,6999.0,0.0,6999.0,3000.0,0.0,0.0,3999.0
None,09-07-25,mohan kumar r,3 Month's,2000,0,0,2000.0,0.0,2000.0,2000.0,0.0,0.0,0.0
None,09-07-25,guru prasad P,3 Month's,2499,0,0,2499.0,0.0,2499.0,0.0,0.0,0.0,2499.0
None,08-07-25,akhil kumar,3 Month's,2499,0,0,2499.0,0.0,2499.0,0.0,0.0,0.0,2499.0
None,08-07-25,yashas,1 Month gym membership,999,0,0,999.0,0.0,999.0,0.0,0.0,0.0,999.0
None,08-07-25,srinivas,3 Month's,2499,0,0,2499.0,0.0,2499.0,2499.0,0.0,0.0,0.0
None,08-07-25,mukesh devasi,3 Month's,2499,0,0,2499.0,0.0,2499.0,0.0,0.0,0.0,2499.0
None,08-07-25,darshan joshi,3 Month's,2499,0,0,2499.0,0.0,2499.0,0.0,0.0,0.0,2499.0
None,08-07-25,pallavi ys,3 Month's,2499,0,0,2499.0,0.0,2499.0,0.0,0.0,0.0,2499.0
None,20-06-25,harsha prasanna,3 Month's,2499,0,0,2499.0,0.0,2499.0,2499.0,0.0,0.0,0.0
None,18-06-25,guru kiran p,3 Month's,2499,0,0,2499.0,0.0,2499.0,2499.0,0.0,0.0,0.0
None,16-06-25,varshith,3 Month's,2499,0,0,2499.0,0.0,2499.0,0.0,0.0,0.0,2499.0
None,16-06-25,chandu,3 Month's,2499,0,0,2499.0,0.0,2499.0,2499.0,0.0,0.0,0.0
None,16-06-25,sagar,1 Month gym membership,999,0,0,999.0,0.0,999.0,999.0,0.0,0.0,0.0
None,14-06-25,harish B M,1 Month gym membership,999,0,0,999.0,0.0,999.0,0.0,0.0,0.0,999.0
None,13-06-25,melvin,1 Month gym membership,999,0,0,999.0,0.0,999.0,999.0,0.0,0.0,0.0
None,12-06-25,shankar b,1 Month gym membership,999,0,0,999.0,0.0,999.0,0.0,0.0,0.0,999.0
None,12-06-25,roshan mn,1 Month gym membership,999,0,0,999.0,0.0,999.0,999.0,0.0,0.0,0.0
None,11-06-25,manjunath m,1 Month gym membership,999,0,0,999.0,0.0,999.0,999.0,0.0,0.0,0.0
,09-06-25,chandan n,3 Month's,2000,0,0,2000.0,2000.0,0.0,0.0,0.0,0.0,0.0
None,09-06-25,chandra shaker gl,1 Year membership,3000,0,0,3000.0,0.0,3000.0,0.0,0.0,0.0,3000.0
None,05-06-25,prasahanth s,3 Month's,2499,0,0,2499.0,0.0,2499.0,0.0,0.0,0.0,2499.0
None,05-06-25,balaji n,3 Month's,2499,0,0,2499.0,0.0,2499.0,0.0,0.0,0.0,2499.0
None,02-06-25,ropesh v,3 Month's,2499,0,0,2499.0,0.0,2499.0,0.0,0.0,0.0,2499.0
None,26-05-25,kishor s,3 Month's,2499,0,0,2499.0,0.0,2499.0,2499.0,0.0,0.0,0.0
None,23-05-25,barath h,1 Month gym membership,999,0,0,999.0,0.0,999.0,999.0,0.0,0.0,0.0
None,23-05-25,ragavendra s,1 Year membership,6999,0,0,6999.0,0.0,6999.0,0.0,0.0,0.0,6999.0
None,13-05-25,akash p,3 Month's,2499,0,0,2499.0,0.0,2499.0,2499.0,0.0,0.0,0.0
None,13-05-25,Suhas N,3 Month's,2499,0,0,2499.0,0.0,2499.0,0.0,0.0,0.0,2499.0
None,13-05-25,preetham m,3 Month's,2499,0,0,2499.0,0.0,2499.0,2499.0,0.0,0.0,0.0
None,12-05-25,ayush,3 Month's,2499,0,0,2499.0,0.0,2499.0,2499.0,0.0,0.0,0.0
None,12-05-25,chirant r,1 Month gym membership,1000,0,0,1000.0,0.0,1000.0,1000.0,0.0,0.0,0.0
None,08-05-25,tharun s,1 Month gym membership,999,0,0,999.0,0.0,999.0,999.0,0.0,0.0,0.0
None,30-04-25,punith h r,3 Month's,2499,0,0,2499.0,0.0,2499.0,2499.0,0.0,0.0,0.0
None,30-04-25,hemalatha r,1 Year membership,5999,0,0,5999.0,0.0,5999.0,5999.0,0.0,0.0,0.0
None,28-04-25,surya m,3 Month's,2499,0,0,2499.0,499.0,2000.0,2000.0,0.0,0.0,0.0
None,25-04-25,prasanna gp,6 Month's,4999,0,0,4999.0,0.0,4999.0,2499.0,0.0,0.0,2500.0
None,24-04-25,mukesh,1 Month gym membership,999,0,0,999.0,0.0,999.0,0.0,0.0,0.0,999.0
None,22-04-25,abhishek k a,1 Year membership,6999,0,0,6999.0,2999.0,4000.0,4000.0,0.0,0.0,0.0
None,16-04-25,pooraj k,3 Month's,2499,0,0,2499.0,0.0,2499.0,2499.0,0.0,0.0,0.0
None,15-04-25,vinay s,3 Month's,2499,0,0,2499.0,0.0,2499.0,0.0,0.0,0.0,2499.0
None,15-04-25,pramod bm,3 Month's,2499,0,0,2499.0,0.0,2499.0,0.0,0.0,0.0,2499.0
None,15-04-25,prajwal,3 Month's,2499,0,0,2499.0,0.0,2499.0,0.0,0.0,0.0,2499.0
None,14-04-25,shivu k,3 Month's,2499,0,0,2499.0,0.0,2499.0,0.0,0.0,0.0,2499.0
None,10-04-25,Amith R,3 Month's,2500,0,0,2500.0,0.0,2500.0,0.0,0.0,0.0,2500.0
None,09-04-25,Archana P,1 Year membership,6999,0,0,6999.0,0.0,6999.0,6999.0,0.0,0.0,0.0
None,08-04-25,NISHU MK,3 Month's,2499,0,0,2499.0,0.0,2499.0,2499.0,0.0,0.0,0.0
None,07-04-25,kavya,3 Month's,2499,0,0,2499.0,0.0,2499.0,0.0,0.0,0.0,2499.0
None,03-04-25,mohith gowda,3 Month's,2499,0,0,2499.0,0.0,2499.0,2499.0,0.0,0.0,0.0
None,27-03-25,sunil m s,3 Month's,2499,0,0,2499.0,0.0,2499.0,0.0,0.0,0.0,2499.0
None,26-03-25,pavan c,1 Year membership,5000,0,0,5000.0,0.0,5000.0,5000.0,0.0,0.0,0.0
None,26-03-25,vinod,1 Month gym membership,999,0,0,999.0,0.0,999.0,999.0,0.0,0.0,0.0
None,24-03-25,harshith v,1 Month gym membership,999,0,0,999.0,0.0,999.0,999.0,0.0,0.0,0.0
None,24-03-25,tharun s,1 Month gym membership,999,0,0,999.0,0.0,999.0,999.0,0.0,0.0,0.0
None,24-03-25,sathya v,1 Month gym membership,999,0,0,999.0,0.0,999.0,999.0,0.0,0.0,0.0
None,21-03-25,pranav c,1 Month gym membership,999,0,0,999.0,0.0,999.0,999.0,0.0,0.0,0.0
None,20-03-25,chikkanna,3 Month's,2499,0,0,2499.0,2499.0,0.0,0.0,0.0,0.0,0.0
None,20-03-25,iranna badiger,3 Month's,2499,0,0,2499.0,0.0,2499.0,0.0,0.0,0.0,2499.0
None,20-03-25,chikkanna,3 Month's,2499,0,0,2499.0,2499.0,0.0,0.0,0.0,0.0,0.0
None,17-03-25,josef,3 Month's,2499,0,0,2499.0,2499.0,0.0,0.0,0.0,0.0,0.0
None,14-03-25,guru kiran p,3 Month's,2499,0,0,2499.0,0.0,2499.0,0.0,0.0,0.0,2499.0
None,12-03-25,jevan a,3 Month's,2499,0,0,2499.0,0.0,2499.0,2499.0,0.0,0.0,0.0
None,10-03-25,mukesh,1 Month gym membership,999,0,0,999.0,0.0,999.0,999.0,0.0,0.0,0.0
None,10-03-25,ragavendra v,1 Month gym membership,999,0,0,999.0,0.0,999.0,999.0,0.0,0.0,0.0
None,07-03-25,jagadeesh,3 Month's,2499,0,0,2499.0,0.0,2499.0,2499.0,0.0,0.0,0.0
None,06-03-25,abilash,3 Month's,2000,0,0,2000.0,0.0,2000.0,0.0,0.0,0.0,2000.0
None,05-03-25,tejas mv,1 Month gym membership,999,0,0,999.0,0.0,999.0,999.0,0.0,0.0,0.0
None,04-03-25,sandeep,1 Month gym membership,999,0,0,999.0,0.0,999.0,0.0,0.0,0.0,999.0
None,04-03-25,kawshik,3 Month's,2499,0,0,2499.0,0.0,2499.0,2499.0,0.0,0.0,0.0
None,04-03-25,pravina,3 Month's,2499,0,0,2499.0,0.0,2499.0,2499.0,0.0,0.0,0.0
None,04-03-25,manoj s,1 Year membership,6999,0,0,6999.0,0.0,6999.0,6999.0,0.0,0.0,0.0
None,03-03-25,iranna badiger,3 Month's,2499,0,0,2499.0,0.0,2499.0,0.0,0.0,0.0,2499.0
None,20-02-25,pavan kn,1 Month gym membership,999,0,0,999.0,0.0,999.0,0.0,0.0,0.0,999.0
None,20-02-25,rajesh s,6 Month's,4000,0,0,4000.0,0.0,4000.0,4000.0,0.0,0.0,0.0
None,12-02-25,vanashri s m,3 Month's,2499,0,0,2499.0,0.0,2499.0,0.0,0.0,0.0,2499.0
None,12-02-25,akash p,3 Month's,2499,0,0,2499.0,0.0,2499.0,0.0,0.0,0.0,2499.0
None,08-02-25,vikas m,3 Month's,2499,0,0,2499.0,0.0,2499.0,0.0,0.0,0.0,2499.0
,06-02-25,nandan,3 Month's,2500,0,0,2500.0,2500.0,0.0,0.0,0.0,0.0,0.0
,06-02-25,nandan,3 Month's,2500,0,0,2500.0,2500.0,0.0,0.0,0.0,0.0,0.0
,06-02-25,nandan,3 Month's,2500,0,0,2500.0,2500.0,0.0,0.0,0.0,0.0,0.0
,06-02-25,nandan,3 Month's,2500,0,0,2500.0,2500.0,0.0,0.0,0.0,0.0,0.0
,06-02-25,nandan,3 Month's,2500,0,0,2500.0,2500.0,0.0,0.0,0.0,0.0,0.0
,06-02-25,nandan,3 Month's,2500,0,0,2500.0,2500.0,0.0,0.0,0.0,0.0,0.0
None,05-02-25,hemanth s,1 Month gym membership,999,0,0,999.0,0.0,999.0,0.0,0.0,0.0,999.0
None,05-02-25,pruthvi,1 Month gym membership,999,0,0,999.0,0.0,999.0,999.0,0.0,0.0,0.0
None,05-02-25,nandan a,1 Month gym membership,999,0,0,999.0,0.0,999.0,999.0,0.0,0.0,0.0
None,29-01-25,mahadev swamy,3 Month's,6999,0,0,6999.0,6999.0,0.0,0.0,0.0,0.0,0.0
None,29-01-25,punith h r,3 Month's,2499,0,0,2499.0,0.0,2499.0,2499.0,0.0,0.0,0.0
None,29-01-25,punith h r,3 Month's,2499,0,0,2499.0,0.0,2499.0,0.0,0.0,0.0,2499.0
None,28-01-25,harshith c r,3 Month's,2499,0,0,2499.0,0.0,2499.0,2499.0,0.0,0.0,0.0
None,27-01-25,bindhu s,3 Month's,2499,0,0,2499.0,0.0,2499.0,0.0,0.0,0.0,2499.0
None,27-01-25,hemalatha r,3 Month's,2499,0,0,2499.0,0.0,2499.0,0.0,0.0,0.0,2499.0
None,27-01-25,chandini poornima,3 Month's,2499,0,0,2499.0,0.0,2499.0,0.0,0.0,0.0,2499.0
None,24-01-25,chandan n,3 Month's,2499,0,0,2499.0,0.0,2499.0,2499.0,0.0,0.0,0.0
None,22-01-25,ragavendra v,1 Month gym membership,999,0,0,999.0,0.0,999.0,999.0,0.0,0.0,0.0
None,21-01-25,nagamallu,1 Month gym membership,999,0,0,999.0,0.0,999.0,999.0,0.0,0.0,0.0
None,20-01-25,sanjay m,3 Month's,2499,0,0,2499.0,0.0,2499.0,0.0,0.0,0.0,2499.0
None,13-01-25,mukesh,1 Month gym membership,999,0,0,999.0,0.0,999.0,999.0,0.0,0.0,0.0
None,09-01-25,kiran kumar k,1 Year membership,5999,0,0,5999.0,5999.0,0.0,0.0,0.0,0.0,0.0
None,09-01-25,nikhil d,3 Month's,2499,0,0,2499.0,0.0,2499.0,0.0,0.0,0.0,2499.0
None,08-01-25,jayanth mn,3 Month's,2000,0,0,2000.0,0.0,2000.0,0.0,0.0,0.0,2000.0
None,08-01-25,karthik j,1 Year membership,5999,0,0,5999.0,5999.0,0.0,0.0,0.0,0.0,0.0
None,08-01-25,pooraj k,3 Month's,2499,0,0,2499.0,2499.0,0.0,0.0,0.0,0.0,0.0
None,08-01-25,srikanth s,3 Month's,2000,0,0,2000.0,0.0,2000.0,0.0,0.0,0.0,2000.0
None,08-01-25,jeevan h,1 Year membership,5999,0,0,5999.0,5999.0,0.0,0.0,0.0,0.0,0.0
None,08-01-25,sanju ms,1 Year membership,5999,0,0,5999.0,5999.0,0.0,0.0,0.0,0.0,0.0
None,03-01-25,abilash r,1 Month gym membership,999,0,0,999.0,0.0,999.0,999.0,0.0,0.0,0.0
None,03-01-25,ravi kumar s,1 Month gym membership,999,0,0,999.0,0.0,999.0,0.0,0.0,0.0,999.0
None,02-01-25,chandra shaker gl,1 Month gym membership,999,0,0,999.0,0.0,999.0,0.0,0.0,0.0,999.0
None,01-01-25,girish p,1 Month gym membership,999,0,0,999.0,0.0,999.0,999.0,0.0,0.0,0.0
None,30-12-24,yashwanth r j,1 Year membership,5999,0,0,5999.0,0.0,5999.0,0.0,0.0,0.0,5999.0
None,27-12-24,preetham,1 Year membership,5999,0,0,5999.0,0.0,5999.0,5999.0,0.0,0.0,0.0
None,25-12-24,revanna s,3 Month's,2499,0,0,2499.0,0.0,2499.0,2499.0,0.0,0.0,0.0
None,25-12-24,revanna s,3 Month's,2499,0,0,2499.0,0.0,2499.0,0.0,0.0,0.0,2499.0
None,21-12-24,nithya basvanna,1 Year membership,5999,0,0,5999.0,5999.0,0.0,0.0,0.0,0.0,0.0
None,20-12-24,arunkumar s,1 Month gym membership,999,0,0,999.0,0.0,999.0,0.0,0.0,0.0,999.0
None,14-12-24,ameeth,1 Month gym membership,999,0,0,999.0,0.0,999.0,999.0,0.0,0.0,0.0
None,09-12-24,gagan n,1 Month gym membership,999,0,0,999.0,0.0,999.0,0.0,0.0,0.0,999.0
None,09-12-24,nagendra d,1 Year membership,2999,0,0,2999.0,0.0,2999.0,0.0,0.0,0.0,2999.0
None,04-12-24,ramesh s h,3 Month's,2499,0,0,2499.0,0.0,2499.0,0.0,0.0,0.0,2499.0
None,28-11-24,siddhraju,1 Month gym membership,999,0,0,999.0,0.0,999.0,0.0,0.0,0.0,999.0
None,28-11-24,dhinesh nayak,1 Month gym membership,999,0,0,999.0,0.0,999.0,999.0,0.0,0.0,0.0
None,28-11-24,rajesh,1 Month gym membership,999,0,0,999.0,0.0,999.0,0.0,0.0,0.0,999.0
None,20-11-24,basava h m,1 Month gym membership,999,0,0,999.0,0.0,999.0,999.0,0.0,0.0,0.0
None,20-11-24,vikas nayak s,1 Month gym membership,999,0,0,999.0,0.0,999.0,0.0,0.0,0.0,999.0
None,18-11-24,vinod b,1 Year membership,5999,0,0,5999.0,0.0,5999.0,0.0,0.0,0.0,5999.0
None,18-11-24,sathish p,1 Month gym membership,999,0,0,999.0,0.0,999.0,0.0,0.0,0.0,999.0
None,14-11-24,harish B M,3 Month's,2500,0,0,2500.0,1000.0,1500.0,0.0,0.0,0.0,1500.0
None,14-11-24,deeraj r,1 Month gym membership,1000,0,0,1000.0,0.0,1000.0,1000.0,0.0,0.0,0.0
None,13-11-24,manohar j r,1 Year membership,5999,0,0,5999.0,0.0,5999.0,0.0,0.0,0.0,5999.0
None,07-11-24,naveen,1 Month gym membership,999,0,0,999.0,0.0,999.0,999.0,0.0,0.0,0.0
None,07-11-24,mukesh,1 Month gym membership,999,0,0,999.0,0.0,999.0,999.0,0.0,0.0,0.0
None,07-11-24,manoj d,3 Month's,2000,0,0,2000.0,0.0,2000.0,0.0,0.0,0.0,2000.0
None,05-11-24,mansisharma m,1 Year membership,5999,0,0,5999.0,0.0,5999.0,5999.0,0.0,0.0,0.0
None,05-11-24,mansisharma m,1 Year membership,5999,0,0,5999.0,0.0,5999.0,5999.0,0.0,0.0,0.0
None,04-11-24,shantha s,1 Year membership,5999,0,0,5999.0,3000.0,2999.0,2999.0,0.0,0.0,0.0
None,04-11-24,chiranth a g,3 Month's,2000,0,0,2000.0,0.0,2000.0,2000.0,0.0,0.0,0.0
None,04-11-24,dhanush n gowda,3 Month's,2000,0,0,2000.0,0.0,2000.0,2000.0,0.0,0.0,0.0
None,04-11-24,attaulla,3 Month's,2499,0,0,2499.0,0.0,2499.0,0.0,0.0,0.0,2499.0
None,04-11-24,yashwanth sg,3 Month's,2000,0,0,2000.0,0.0,2000.0,2000.0,0.0,0.0,0.0
None,04-11-24,chiranth a g,3 Month's,2000,0,0,2000.0,0.0,2000.0,2000.0,0.0,0.0,0.0
None,04-11-24,hemanth kumar,3 Month's,2499,0,0,2499.0,0.0,2499.0,2499.0,0.0,0.0,0.0
None,25-10-24,kiran d,1 Year membership,5999,0,0,5999.0,0.0,5999.0,5999.0,0.0,0.0,0.0
None,24-10-24,nachiketh n,1 Month gym membership,999,0,0,999.0,0.0,999.0,0.0,0.0,0.0,999.0
None,24-10-24,manoj b n,3 Month's,2000,0,0,2000.0,0.0,2000.0,2000.0,0.0,0.0,0.0
None,ken 21-10-24,dagannaswa nk,1 myMonth gym membership,999,0,0,999.0,0.0,999.0,999.0,0.0,0.0,0.0
None,21-10-24,prajwal lr,3 Month's,2300,0,0,2300.0,2300.0,0.0,0.0,0.0,0.0,0.0
None,21-10-24,harshitha,1 Month gym membership,999,0,0,999.0,0.0,999.0,0.0,0.0,0.0,999.0
None,16-10-24,nagesh TS,3 Month's,2499,0,0,2499.0,0.0,2499.0,0.0,0.0,0.0,2499.0
None,14-10-24,jeevan,1 Month gym membership,999,0,0,999.0,0.0,999.0,999.0,0.0,0.0,0.0
None,14-10-24,RAGHU T S,3 Month's,2499,0,0,2499.0,0.0,2499.0,0.0,0.0,0.0,2499.0
None,12-10-24,kiran k b,1 Month gym membership,999,0,0,999.0,0.0,999.0,999.0,0.0,0.0,0.0
None,12-10-24,sagar s,3 Month's,2499,0,0,2499.0,0.0,2499.0,2499.0,0.0,0.0,0.0
None,05-10-24,prashanth sr,1 Year membership,5999,0,0,5999.0,0.0,5999.0,0.0,0.0,0.0,5999.0
None,04-10-24,prabhu samarth r,6 Month's,4999,0,0,4999.0,0.0,4999.0,4999.0,0.0,0.0,0.0
None,03-10-24,arunkumar k k,1 Year membership,5999,0,0,5999.0,0.0,5999.0,0.0,0.0,0.0,5999.0
None,03-10-24,ravi prakash,3 Month's,2499,0,0,2499.0,0.0,2499.0,0.0,0.0,0.0,2499.0
None,03-10-24,skanda,3 Month's,2499,0,0,2499.0,0.0,2499.0,0.0,0.0,0.0,2499.0
None,01-10-24,raghu v,3 Month's,2499,0,0,2499.0,0.0,2499.0,0.0,0.0,0.0,2499.0
None,01-10-24,madhu,1 Month gym membership,999,0,0,999.0,0.0,999.0,0.0,0.0,0.0,999.0
None,26-09-24,nithin v,1 Year membership,5999,0,0,5999.0,0.0,5999.0,5999.0,0.0,0.0,0.0
None,26-09-24,vachnaram,1 Year membership,5999,0,0,5999.0,0.0,5999.0,5999.0,0.0,0.0,0.0
None,26-09-24,sanju.s,1 Year membership,5999,0,0,5999.0,0.0,5999.0,0.0,0.0,0.0,5999.0
None,26-09-24,priyaranjan gs,1 Year membership,5999,0,0,5999.0,0.0,5999.0,0.0,0.0,0.0,5999.0
None,23-09-24,shivu,1 Year membership,5999,0,0,5999.0,5999.0,0.0,0.0,0.0,0.0,0.0
None,23-09-24,ranganath ck,3 Month's,2499,0,0,2499.0,0.0,2499.0,0.0,0.0,0.0,2499.0
None,19-09-24,ranjini,3 Month's,2499,0,0,2499.0,0.0,2499.0,2499.0,0.0,0.0,0.0
None,19-09-24,ravindra r,3 Month's,2499,0,0,2499.0,0.0,2499.0,2499.0,0.0,0.0,0.0
None,19-09-24,jnanesh r,1 Year membership,5999,0,0,5999.0,0.0,5999.0,0.0,0.0,0.0,5999.0
None,18-09-24,vinay n,3 Month's,2499,0,0,2499.0,0.0,2499.0,2499.0,0.0,0.0,0.0
None,18-09-24,koushik kumar ds,3 Month's,2499,0,0,2499.0,0.0,2499.0,0.0,0.0,0.0,2499.0
None,16-09-24,sarvesh h n,1 Year membership,5999,0,0,5999.0,0.0,5999.0,5999.0,0.0,0.0,0.0
None,13-09-24,preetham,3 Month's,2499,0,0,2499.0,0.0,2499.0,2499.0,0.0,0.0,0.0
None,12-09-24,RETHESH,1 Year membership,5999,0,0,5999.0,0.0,6499.0,6499.0,0.0,0.0,0.0
None,11-09-24,n balaji nayak,1 Year membership,5999,0,0,5999.0,0.0,5999.0,1000.0,0.0,0.0,4999.0
None,11-09-24,dhyan n,1 Year membership,5999,0,0,5999.0,0.0,5999.0,0.0,0.0,0.0,5999.0
None,11-09-24,Malesh m,1 Year membership,5999,0,0,5999.0,0.0,5999.0,5999.0,0.0,0.0,0.0
None,11-09-24,dhanush d,3 Month's,2000,0,0,2000.0,0.0,2000.0,0.0,0.0,0.0,2000.0
None,09-09-24,prashanth,1 Year membership,5999,0,0,5999.0,0.0,5999.0,3999.0,0.0,0.0,2000.0
None,09-09-24,mobarak sekh,1 Month gym membership,999,0,0,999.0,0.0,999.0,0.0,0.0,0.0,999.0
None,09-09-24,dhruvan d,3 Month's,2000,0,0,2000.0,0.0,2000.0,2000.0,0.0,0.0,0.0
None,09-09-24,rohith r,1 Year membership,5999,0,0,5999.0,0.0,5999.0,5999.0,0.0,0.0,0.0
None,08-09-24,ganesh,1 Month gym membership,999,0,0,999.0,0.0,999.0,999.0,0.0,0.0,0.0
None,07-09-24,mahadeva b,1 Year membership,5999,0,0,5999.0,1999.0,4000.0,4000.0,0.0,0.0,0.0
None,04-09-24,vijaykumar n h,3 Month's,2499,0,0,2499.0,0.0,2499.0,2499.0,0.0,0.0,0.0
None,04-09-24,harsha kumar,1 Year membership,5999,0,0,5999.0,0.0,5999.0,0.0,0.0,0.0,5999.0
None,04-09-24,kundan k,1 Year membership,5999,0,0,5999.0,0.0,5999.0,0.0,0.0,0.0,5999.0
None,04-09-24,nishan j,1 Year membership,5999,0,0,5999.0,0.0,5999.0,5999.0,0.0,0.0,0.0
None,02-09-24,Thilak k,1 Year membership,5999,0,0,5999.0,0.0,5999.0,0.0,0.0,0.0,5999.0
None,02-09-24,sudarshan k,1 Year membership,5999,0,0,5999.0 NT: welcome to black stone fitness,0.0,5999.0,5999.0,0.0,0.0,0.0
None,02-09-24,sachin s,3 Month's,2499,0,0,2499.0,0.0,2499.0,0.0,0.0,0.0,2499.0
None,01-09-24,manju,3 Month's,2499,0,0,2499.0,0.0,2499.0,0.0,0.0,0.0,2499.0
None,01-09-24,girish,1 Year membership,5999,0,0,5999.0,0.0,5999.0,0.0,0.0,0.0,5999.0
None,01-09-24,ravi p,1 Year membership,5999,0,0,5999.0,0.0,5999.0,0.0,0.0,0.0,5999.0