Name,DOB,Phone Number,Gender,Membership Status,Date of Joining,Date of Expiry,Last Fees Paid,Ongoing Plan
abhay s,16-02-2005,+91 8217225142,male,Inactive,11-03-2026,11-06-2026,2000,3 Month's
abhishek k a,19-05-2004,+91 7760242496,male,Inactive,22-04-2025,22-04-2026,4000,1 Year membership
abi n,02-08-2003,+91 8431802745,male,Inactive,01-12-2025,02-05-2026,2499,3 Month's
abilash,03-09-2004,+91 8660830448,male,Inactive,06-03-2025,22-09-2026,2499,3 Month's
abilash r,19-05-2004,+91 9945433970,male,Inactive,03-01-2025,03-02-2025,999,1 Month gym membership
achutha r,22-06-2004,+91 8123031875,male,Inactive,14-05-2026,14-06-2026,800,1 Month gym membership
Adi U P,24-09-1995,+91 8550058345,male,Active,06-08-2026,06-11-2026,2499,3 Month's
aditi,11-08-1980,+91 9884677797,female,Active,29-07-2026,,6000,DEMO
ajay m,02-02-2005,+91 8123564610,male,Active,08-06-2026,08-09-2026,2499,3 Month's
ajith,20-12-1998,+91 7899927413,male,Inactive,02-02-2026,02-05-2026,2499,3 Month's
akash p,23-12-1996,+91 7892967893,male,Inactive,12-02-2025,05-11-2025,2499,3 Month's
akhil kumar,05-11-1997,+91 8660991207,male,Inactive,08-07-2025,08-10-2025,2499,3 Month's
akshay d s,25-05-2001,+91 8197015304,male,Active,06-08-2026,06-11-2026,2499,3 Month's
akshay p,03-06-1997,+91 8147704660,male,Inactive,21-07-2026,21-08-2026,0,1 Month gym membership
ameeth,14-12-2024,+91 1734139866,male,Inactive,14-12-2024,14-01-2025,999,1 Month gym membership
Amith R,,+91 8088923998,male,Inactive,10-04-2025,10-07-2025,2500,3 Month's
Ananya,02-01-2005,+91 8660259861,female,Active,31-08-2026,,,
anusha k,14-04-2001,+91 8971984668,female,Inactive,13-07-2026,13-08-2026,999,1 Month gym membership
Archana P,23-07-2007,+91 6363812062,female,Inactive,09-04-2025,09-04-2026,6999,1 Year membership
armaan,24-04-2001,+91 6005716845,male,Inactive,09-04-2026,09-05-2026,500,1 Month gym membership
Arun surya,12-03-1994,+91 6360945335,male,Active,06-08-2026,06-11-2026,2499,3 Month's
arunkumar k k,,+91 8861583650,male,Active,03-10-2024,27-09-2026,5999,1 Year membership
arunkumar s,01-05-2001,+91 9448328301,male,Inactive,20-12-2024,20-08-2026,2499,3 Month's
ARYA,20-10-1993,+91 8197799440,female,Inactive,03-11-2025,03-02-2026,2000,3 Month's
attaulla,15-04-1995,+91 9900769983,male,Inactive,04-11-2024,04-02-2025,2499,3 Month's
avinash,02-05-1998,+91 7847919652,male,Inactive,28-07-2025,28-10-2025,2000,3 Month's
AVINASH N,30-03-2000,+91 6362831525,male,Active,06-07-2026,06-10-2026,2499,3 Month's
ayush,07-12-2008,+91 9686846696,male,Inactive,12-05-2025,12-08-2025,2499,3 Month's
bairavi b,19-11-2006,+91 7676602259,female,Inactive,31-01-2026,15-10-2026,2499,3 Month's
balaji n,10-05-1998,+91 7406212778,male,Inactive,05-06-2025,31-01-2026,999,1 Month gym membership
BARATH B M,01-01-2005,+91 8123780882,male,Inactive,18-12-2025,18-03-2026,2499,3 Month's
barath h,24-01-2009,+91 9008798639,male,Inactive,23-05-2025,23-06-2025,999,1 Month gym membership
basava h m,01-05-1995,+91 8748891547,male,Inactive,20-11-2024,20-12-2024,999,1 Month gym membership
basavanna r,14-03-1994,+91 8317368611,male,Active,04-09-2025,04-09-2026,2999,1 Year membership
basavaraju s,03-01-2002,+91 7899575574,male,Inactive,01-11-2025,01-12-2025,999,1 Month gym membership
bhargav,05-06-2004,+91 8296710766,male,Active,12-08-2026,12-11-2026,2499,3 Month's
bindhu s,27-01-2025,+91 7204558947,male,Inactive,27-01-2025,27-04-2025,2499,3 Month's
bivanth k,09-06-2009,+91 9945370322,male,Active,23-07-2025,11-08-2027,6999,1 Year membership
chandan,19-06-2010,+91 8660581761,male,Inactive,03-06-2026,03-07-2026,999,1 Month gym membership
chandan b,21-11-1999,+91 9035221662,male,Inactive,04-09-2025,04-12-2025,2300,3 Month's
chandan m,14-05-2007,+91 6361092149,male,Active,22-09-2025,22-09-2026,5999,1 Year membership
chandan n,06-02-2003,+91 9148091605,male,Inactive,24-01-2025,09-09-2025,0,3 Month's
chandini poornima,27-11-2001,+91 9353586522,female,Inactive,27-01-2025,27-04-2025,2499,3 Month's
chandra shaker gl,01-06-1989,+91 9620988393,male,Active,02-01-2025,11-06-2027,5999,1 Year membership
chandu,14-04-2007,+91 9972604841,male,Inactive,16-06-2025,16-09-2025,2499,3 Month's
CHETHAN G,07-07-1996,+91 8147474375,male,Active,22-06-2026,22-09-2026,2000,3 Month's
chethan m,23-09-2005,+91 7795004358,male,Inactive,25-05-2026,25-08-2026,2000,3 Month's
chikkanna,05-03-2004,+91 9019402155,male,Inactive,20-03-2025,20-06-2025,0,3 Month's
chirant r,07-09-2009,+91 9900990987,male,Inactive,12-05-2025,12-06-2025,1000,1 Month gym membership
chiranth a g,03-06-2005,+91 9980321706,male,Inactive,04-11-2024,04-02-2025,2000,3 Month's
chiranth r,07-09-2009,+91 9900989873,male,Inactive,15-08-2025,15-09-2025,999,1 Month gym membership
dananjay h r,06-01-2002,+91 9108579908,male,Inactive,15-10-2025,10-01-2026,999,1 Month gym membership
darshan g,12-08-1998,+91 7338154964,male,Inactive,27-05-2026,27-08-2026,2499,3 Month's
darshan joshi,24-02-2004,+91 8088646843,male,Inactive,08-07-2025,08-10-2025,2499,3 Month's
darshan n,01-04-2004,+91 6360296497,male,Active,07-04-2026,20-11-2026,2000,3 Month's
dashami s,06-12-2008,+91 8548981529,female,Active,21-07-2026,21-10-2026,2499,3 Month's
deeraj r,03-03-2005,+91 6361232783,male,Inactive,13-11-2024,14-12-2024,1000,1 Month gym membership
dhanaraj,22-02-2004,+91 9731173042,male,Inactive,31-01-2026,30-04-2026,2000,3 Month's
DHANUSH B M,04-08-2004,+91 7483837552,male,Active,06-07-2026,06-10-2026,2499,3 Month's
dhanush d,06-05-2005,+91 7483072907,male,Inactive,11-09-2024,11-12-2024,2000,3 Month's
dhanush k,17-08-2005,+91 8792135143,male,Inactive,11-03-2026,11-06-2026,2000,3 Month's
dhanush n gowda,20-07-2005,+91 7892279311,male,Inactive,04-11-2024,04-02-2025,2000,3 Month's
dhinesh nayak,14-07-2003,+91 8050383695,male,Inactive,28-11-2024,28-12-2024,999,1 Month gym membership
dhruvan d,06-05-2005,+91 8105789602,male,Inactive,09-09-2024,09-12-2024,2000,3 Month's
dhyan n,02-03-2006,+91 9380373291,male,Inactive,11-09-2024,22-12-2025,2000,3 Month's
dilep,23-09-2002,+91 7760312520,male,Inactive,24-12-2025,24-03-2026,2000,3 Month's
dinesh,10-10-1998,+91 9844334716,male,Inactive,04-06-2026,04-07-2026,999,1 Month gym membership
dinesh m r,15-04-1996,+91 9164480179,male,Active,26-08-2026,26-11-2026,2499,3 Month's
gagan c r,29-04-2008,+91 9632599039,male,Inactive,08-12-2025,08-03-2026,2499,3 Month's
gagan n,06-12-2005,+91 7619381501,male,Inactive,09-12-2024,09-01-2025,999,1 Month gym membership
ganesh,15-03-1999,+91 7540012216,male,Inactive,08-09-2024,30-05-2026,999,1 Month gym membership
ganesh p n,11-03-2006,+91 9019713168,male,Inactive,07-01-2026,07-02-2026,999,1 Month gym membership
ganesh s,24-01-1993,+91 8073709996,male,Active,04-06-2026,06-09-2026,999,1 Month gym membership
girish,24-09-1996,+91 8970171223,male,Inactive,01-09-2024,01-09-2025,5999,1 Year membership
girish p,23-09-1999,+91 8123143855,male,Inactive,01-01-2025,01-02-2025,999,1 Month gym membership
GIRISH S,06-01-1993,+91 7353394358,male,Active,18-06-2026,18-06-2027,0,1 Year membership
guru kiran p,01-07-2000,+91 9739949506,male,Inactive,14-03-2025,18-09-2025,2499,3 Month's
guru prasad P,15-03-1999,+91 7483542649,male,Inactive,09-07-2025,09-10-2025,2499,3 Month's
guru raj p,26-09-1997,+91 8792379863,male,Active,23-06-2026,23-09-2026,2499,3 Month's
harish,15-09-1995,+91 9513313131,male,Inactive,31-03-2026,30-04-2026,999,1 Month gym membership
harish B M,17-01-2003,+91 8197116264,male,Inactive,14-11-2024,14-07-2025,999,1 Month gym membership
Harish S,06-02-1993,+91 9844846781,male,Inactive,06-01-2026,06-04-2026,1000,3 Month's
harsha gowda b,27-05-2009,+91 6360562015,male,Inactive,21-05-2026,21-06-2026,999,1 Month gym membership
harsha kumar,22-09-1993,+91 9663023143,male,Inactive,04-09-2024,04-09-2025,5999,1 Year membership
harsha prasanna,11-02-2008,+91 8618344624,male,Inactive,20-06-2025,20-09-2025,2499,3 Month's
harsha vardan n,24-07-2006,+91 8951286051,male,Inactive,08-09-2025,08-03-2026,5999,6 Month's
harshith c r,01-11-1996,+91 9483120757,male,Inactive,28-01-2025,28-04-2025,2499,3 Month's
harshith v,09-09-2004,+91 7483397946,male,Inactive,24-03-2025,24-04-2025,999,1 Month gym membership
harshitha,,+91 9686502055,female,Inactive,21-10-2024,21-11-2024,999,1 Month gym membership
hemalatha r,03-05-1998,+91 9731714327,male,Inactive,27-01-2025,01-09-2026,2000,3 Month's
hemanth,11-06-1982,+91 9036636252,male,Inactive,01-08-2025,01-11-2025,2499,3 Month's
hemanth kumar,14-05-2005,+91 9972968560,male,Inactive,04-11-2024,04-02-2025,2499,3 Month's
hemanth m,07-04-2006,+91 7204809533,male,Inactive,19-02-2026,19-05-2026,1700,3 Month's
hemanth s,01-09-2005,+91 9845394417,male,Inactive,05-02-2025,05-03-2025,999,1 Month gym membership
honey sing,01-04-2001,+91 7814718925,male,Inactive,09-04-2026,09-05-2026,999,1 Month gym membership
inchara r,19-05-2004,+91 9606956544,female,Active,09-06-2026,09-06-2027,6999,1 Year membership
iranna badiger,01-05-1995,+91 7090517943,male,Inactive,04-12-2024,20-06-2025,2499,3 Month's
jagadeesh,05-03-2001,+91 9113602724,male,Inactive,07-03-2025,30-01-2026,999,1 Month gym membership
jai vaibhav,25-01-2008,+91 8310818889,male,Active,18-06-2026,21-10-2026,2499,3 Month's
jayanth mn,08-10-2003,+91 8088621494,male,Inactive,08-01-2025,08-04-2025,2000,3 Month's
jeevan,,+91 6363521742,male,Inactive,14-10-2024,14-11-2024,999,1 Month gym membership
jeevan g,13-02-2006,+91 7795383739,male,Inactive,15-04-2026,15-05-2026,999,1 Month gym membership
jeevan h,11-01-2005,+91 6360527732,male,Inactive,08-01-2025,08-01-2026,5999,1 Year membership
Jeevitha,11-06-2008,+91 7975981458,female,Inactive,29-07-2026,29-08-2026,999,1 Month gym membership
jevan a,06-03-2007,+91 7760836501,male,Inactive,12-03-2025,12-06-2025,2499,3 Month's
jevan kumar m,09-03-2005,+91 8147007699,male,Inactive,13-05-2026,13-06-2026,800,1 Month gym membership
jnanesh r,22-09-2008,+91 7204209810,male,Active,19-09-2024,19-09-2025,5999,1 Year membership
josef,24-09-2001,+91 7338578978,male,Inactive,17-03-2025,17-06-2025,0,3 Month's
karthik j,16-01-2007,+91 6364576954,male,Inactive,08-01-2025,08-01-2026,0,1 Year membership
KARTHIK V,15-06-1997,+91 9535036614,male,Active,22-06-2026,22-09-2026,2000,3 Month's
kavya,23-03-2000,+91 8217378584,female,Inactive,07-04-2025,14-07-2026,6999,1 Year membership
kawshik,19-03-2005,+91 8147038208,male,Inactive,04-03-2025,04-06-2025,2499,3 Month's
keerthi m,12-10-2006,+91 8217208883,female,Active,04-12-2025,04-12-2026,6999,1 Year membership
kendagannaswamy nk,10-03-1992,+91 7349337210,male,Inactive,21-10-2024,21-11-2024,999,1 month gym membership
kiran a,26-12-2004,+91 8431922948,male,Inactive,20-05-2026,20-06-2026,800,1 Month gym membership
kiran d,06-06-1993,+91 6360326432,male,Inactive,25-10-2024,25-10-2025,5999,1 Year membership
kiran k b,07-03-2006,+91 7483418129,male,Inactive,12-10-2024,12-11-2024,999,1 Month gym membership
kiran kumar k,13-04-2000,+91 8197927262,male,Inactive,09-01-2025,09-01-2026,0,1 Year membership
kishor s,26-06-2006,+91 6363879018,male,Inactive,26-05-2025,18-06-2026,2499,3 Month's
koushik kumar ds,07-12-1994,+91 8277789945,male,Inactive,18-09-2024,05-11-2025,2499,3 Month's
krishna,18-01-1996,+91 9611539762,male,Active,04-06-2026,17-09-2026,999,1 Month gym membership
krishna h s,09-04-2003,+91 7483052243,male,Inactive,14-10-2025,14-11-2025,999,1 Month gym membership
kundan k,05-01-1985,+91 7411723373,male,Inactive,04-09-2024,04-09-2025,5999,1 Year membership
likhith r,08-04-2008,+91 9036006604,male,Active,28-01-2026,28-01-2027,6499,1 Year membership
likith s,04-02-2006,+91 9449382635,male,Inactive,18-07-2025,18-08-2025,999,1 Month gym membership
lohith a,29-11-2001,+91 7899567261,male,Active,13-07-2026,13-10-2026,2499,3 Month's
madhu,,+91 9035697342,male,Inactive,01-10-2024,01-11-2024,999,1 Month gym membership
madhu p,17-01-2010,+91 9972398499,male,Active,08-04-2026,08-04-2027,5999,1 Year membership
madhu sudan v,16-04-2008,+91 7353675796,male,Inactive,25-11-2025,25-02-2026,2499,3 Month's
mahadev prasad,01-03-1998,+91 8618347709,male,Inactive,20-08-2025,20-11-2025,1000,3 Month's
mahadev swamy,10-08-1985,+91 9880221881,male,Inactive,29-01-2025,29-04-2025,0,3 Month's
mahadev swamy s,29-01-2009,+91 9901311481,male,Inactive,26-07-2025,26-07-2026,1000,1 Year membership
mahadeva b,01-01-1988,+91 9980917741,male,Inactive,07-09-2024,07-09-2025,4000,1 Year membership
mahadeva s,30-04-1994,+91 9986878484,male,Inactive,28-10-2025,28-11-2025,999,1 Month gym membership
mahendra m,04-04-2004,+91 6362682329,male,Inactive,21-05-2026,21-08-2026,0,3 Month's
mahesh m,09-02-1997,+91 8095817311,male,Inactive,28-08-2025,28-09-2025,999,1 Month gym membership
mahesh r,20-06-2005,+91 7975298384,male,Inactive,10-12-2025,10-01-2026,999,1 Month gym membership
Malesh m,30-04-1987,+91 9964955168,male,Inactive,11-09-2024,11-09-2025,5999,1 Year membership
mallesh d,21-07-2002,+91 8431655014,male,Inactive,09-02-2026,16-06-2026,2000,3 Month's
manju,17-03-1995,+91 6361974645,male,Inactive,01-09-2024,05-11-2025,2499,3 Month's
manjunath m,08-09-1989,+91 9591407878,male,Inactive,11-06-2025,11-07-2025,999,1 Month gym membership
manjunath s,17-04-2003,+91 8762579054,male,Inactive,03-11-2025,03-02-2026,2499,3 Month's
MANJYADAV,07-03-1989,+91 8296323325,female,Inactive,17-07-2026,17-08-2026,999,1 Month gym membership
manohar j r,10-11-1990,+91 8050092003,male,Inactive,13-11-2024,13-11-2025,5999,1 Year membership
manoj b n,29-01-2004,+91 7892196683,male,Inactive,24-10-2024,24-01-2025,2000,3 Month's
manoj d,16-05-2004,+91 6362182329,male,Inactive,07-11-2024,07-02-2025,2000,3 Month's
manoj kumar,18-03-2005,+91 9380043011,male,Inactive,08-08-2025,08-09-2025,999,1 Month gym membership
manoj m,05-01-1999,+91 9686306219,male,Inactive,27-05-2026,27-08-2026,2499,3 Month's
manoj s,08-10-2006,+91 9345802656,male,Inactive,04-03-2025,04-03-2026,6999,1 Year membership
mansisharma m,08-08-2005,+91 7411360734,female,Active,05-11-2024,05-11-2025,5999,1 Year membership
melchi,25-01-1995,+91 8050051103,male,Inactive,10-11-2025,10-02-2026,2000,3 Month's
melvin,07-12-1992,+91 8660768764,male,Inactive,13-06-2025,13-07-2025,999,1 Month gym membership
minchu,09-06-2008,+91 8105940043,female,Active,29-08-2026,,,
mobarak sekh,05-02-2000,+91 8348389128,male,Inactive,09-09-2024,09-10-2024,999,1 Month gym membership
mohan kumar r,21-03-2008,+91 9880154966,male,Active,09-07-2025,24-11-2026,2000,3 Month's
mohith gowda,21-06-2002,+91 8147070429,male,Inactive,03-04-2025,03-07-2025,2499,3 Month's
mukesh,22-10-2007,+91 6363197123,male,Inactive,07-11-2024,24-05-2025,999,1 Month gym membership
mukesh devasi,05-01-1995,+91 8296007532,male,Inactive,08-07-2025,08-10-2025,2499,3 Month's
n balaji nayak,26-01-1986,+91 9845612130,male,Active,11-09-2024,11-09-2025,5999,1 Year membership
nachiketh n,12-07-2000,+91 9742504382,male,Inactive,24-10-2024,24-11-2024,999,1 Month gym membership
nagamallu,02-05-1996,+91 8722473893,male,Inactive,21-01-2025,21-02-2025,999,1 Month gym membership
nagendra d,09-09-2004,+91 8296899239,male,Inactive,09-12-2024,09-12-2025,2999,1 Year membership
nagesh TS,23-01-1998,+91 9620576066,male,Inactive,16-10-2024,16-01-2025,2499,3 Month's
nandan,29-04-2000,+91 8105174373,male,Inactive,06-02-2025,06-05-2025,0,3 Month's
nandan a,30-06-2008,+91 8749029409,male,Inactive,05-02-2025,05-03-2025,999,1 Month gym membership
nandha e,04-01-2002,+91 8525095912,male,Inactive,11-03-2026,13-05-2026,999,1 Month gym membership
nandha yadav s,10-12-2006,+91 9148675846,male,Inactive,22-12-2025,22-01-2026,999,1 Month gym membership
nandhan m,19-07-1998,+91 8660198674,male,Inactive,02-04-2026,02-07-2026,2499,3 Month's
natesh m,14-07-1982,+91 6366438155,male,Inactive,14-07-2026,14-08-2026,999,1 Month gym membership
naveen,21-04-2005,+91 8792704091,male,Inactive,07-11-2024,07-12-2024,999,1 Month gym membership
NEVEDETHA,23-09-1998,+91 8867031998,female,Inactive,03-11-2025,03-02-2026,2000,3 Month's
nikhil d,22-05-2006,+91 7483260683,male,Inactive,09-01-2025,09-04-2025,2499,3 Month's
nishan j,27-11-2000,+91 9108884841,male,Inactive,04-09-2024,04-09-2025,5999,1 Year membership
nishanth y h,30-07-2004,+91 8296319931,male,Inactive,14-10-2025,14-11-2025,999,1 Month gym membership
NISHU MK,10-04-1995,+91 9108120307,male,Inactive,08-04-2025,12-11-2025,2499,3 Month's
nithin raj,02-05-1998,+91 8867122834,male,Inactive,11-03-2026,11-05-2026,999,1 Month gym membership
nithin v,25-01-2002,+91 9980995114,male,Inactive,26-09-2024,26-09-2025,5999,1 Year membership
nithya basvanna,15-08-2010,+91 8431692745,female,Inactive,21-12-2024,21-12-2025,0,1 Year membership
pallavi ys,01-03-2002,+91 6360595191,female,Inactive,08-07-2025,08-10-2025,2499,3 Month's
parmesh s,11-11-2006,+91 9353354232,male,Inactive,05-08-2025,04-12-2025,2499,3 Month's
parvathamma b,13-11-2006,+91 7892951711,female,Active,28-08-2025,28-08-2026,5999,1 year membership
pavan c,22-06-2007,+91 8431640211,male,Inactive,26-03-2025,26-03-2026,5000,1 Year membership
pavan kn,,+91 9902354174,male,Inactive,20-02-2025,20-03-2025,999,1 Month gym membership
pavan m m,19-02-2003,+91 9353250462,male,Inactive,14-07-2026,14-08-2026,999,1 Month gym membership
pavan n,03-04-2006,+91 8105542370,male,Active,08-06-2026,08-09-2026,1500,3 Month's
pooraj k,23-11-2008,+91 9980656984,male,Inactive,08-01-2025,06-11-2025,2499,3 Month's
prabhu samarth r,15-06-2005,+91 9916280021,male,Inactive,04-10-2024,04-04-2025,4999,6 Month's
prajwal,21-05-2002,+91 9731507936,male,Inactive,15-04-2025,15-07-2025,2499,3 Month's
prajwal lr,12-06-1998,+91 9538172308,male,Inactive,21-10-2024,21-01-2025,0,3 Month's
prajwal n,17-01-2009,+91 7795861880,male,Inactive,23-03-2026,23-06-2026,1000,3 Month's
prajwal pujari,11-11-1994,+91 8310299679,male,Active,22-08-2026,22-11-2026,2499,3 Month's
PRAKASH A,23-03-1991,+91 8105480442,male,Active,06-07-2026,06-10-2026,2499,3 Month's
pramod as,27-03-1990,+91 9902358097,male,Active,03-03-2026,03-09-2026,4999,6 Month's
pramod bm,01-06-1990,+91 9538009933,male,Inactive,15-04-2025,15-07-2025,2499,3 Month's
pranav c,11-06-2008,+91 6366349651,male,Inactive,21-03-2025,22-10-2025,2000,3 Month's
prasahanth s,10-02-1997,+91 9066990593,male,Active,05-06-2025,24-09-2026,2499,3 Month's
prasanna gp,27-10-1995,+91 9035778038,male,Inactive,25-04-2025,04-06-2026,4999,6 Month's
prashanth,24-05-1980,+91 9141445279,male,Inactive,09-09-2024,09-09-2025,5999,1 Year membership
PRASHANTH C,01-05-1992,+91 9449144513,male,Active,03-07-2026,03-10-2026,2499,3 Month's
prashanth sr,,+91 9591837244,male,Active,05-10-2024,06-10-2026,5999,1 Year membership
prathik gowda h s,05-05-2009,+91 9742265082,male,Inactive,28-07-2025,28-07-2026,4000,1 Year membership
pravina,31-05-2004,+91 7892871782,male,Inactive,04-03-2025,04-06-2025,2499,3 Month's
preetham,29-05-1990,+91 8660290407,male,Inactive,13-09-2024,27-12-2025,5999,1 Year membership
preetham m,05-02-2010,+91 8431738472,male,Active,13-05-2025,10-12-2026,6999,1 Year membership
priyaranjan gs,,+91 9448872392,male,Inactive,26-09-2024,26-09-2025,5999,1 Year membership
pruthvi,27-03-2008,+91 7483878204,male,Inactive,05-02-2025,21-06-2026,999,1 Month gym membership
puneeth kumar c,14-01-2005,+91 9900307380,male,Inactive,15-04-2026,15-08-2026,999,1 Month gym membership
punith h r,15-05-1992,+91 9916114454,male,Inactive,29-01-2025,30-10-2026,2499,3 Month's
ragavendra s,11-03-2002,+91 9079807246,male,Inactive,23-05-2025,23-05-2026,6999,1 Year membership
ragavendra v,25-03-2008,+91 9113583487,male,Inactive,22-01-2025,10-04-2025,999,1 Month gym membership
RAGHU T S,06-10-1994,+91 8951416267,male,Inactive,14-10-2024,14-01-2025,2499,3 Month's
raghu v,01-08-2000,+91 7411162202,male,Inactive,01-10-2024,01-01-2025,2499,3 Month's
ragu c,02-02-1994,+91 9686715997,male,Inactive,23-04-2026,23-07-2026,2499,3 Month's
rajesh,07-05-1982,+91 9901904767,male,Inactive,28-11-2024,28-12-2024,999,1 Month gym membership
rajesh,04-06-1988,+91 9743649447,male,Active,03-06-2026,03-09-2026,2499,3 Month's
rajesh s,20-03-1972,+91 8722232477,male,Inactive,20-02-2025,16-08-2026,2000,6 Month's
raju c,28-01-2005,+91 6364816011,male,Inactive,09-10-2025,09-01-2026,2499,3 Month's
ramesh s h,28-05-1995,+91 7676985612,male,Inactive,04-12-2024,04-03-2025,2499,3 Month's
ranganath ck,,+91 7996468610,male,Inactive,23-09-2024,23-12-2024,2499,3 Month's
ranjini,04-05-1989,+91 9632095469,female,Inactive,19-09-2024,19-12-2024,2499,3 Month's
ravi chandra r,03-03-2009,+91 7760414072,male,Inactive,26-07-2025,26-07-2026,0,1 Year membership
ravi kumar s,14-06-1998,+91 7353100906,male,Inactive,03-01-2025,03-02-2025,999,1 Month gym membership
ravi p,26-06-1986,+91 9845542046,male,Inactive,01-09-2024,01-09-2025,5999,1 Year membership
ravi prakash,,+91 8904680102,male,Inactive,03-10-2024,03-01-2025,2499,3 Month's
ravindra r,17-08-1985,+91 8310161271,male,Inactive,19-09-2024,19-12-2024,2499,3 Month's
raviprasad,15-12-1987,+91 9008023501,male,Inactive,22-07-2026,22-08-2026,999,1 Month gym membership
RETHESH,24-06-1983,+91 8317468759,male,Inactive,12-09-2024,12-09-2025,6499,1 Year membership
revanna s,16-10-1993,+91 8123263394,male,Active,25-12-2024,05-11-2026,2000,3 Month's
ROHAN D A,25-03-2005,+91 7349301726,male,Inactive,03-11-2025,03-02-2026,2000,3 Month's
rohan s b,05-06-2004,+91 8904410912,male,Inactive,15-09-2025,15-10-2025,999,1 Month gym membership
rohith k,17-02-2010,+91 9380068778,male,Active,18-05-2026,18-05-2027,3000,1 Year membership
rohith r,29-05-2008,+91 7975612048,male,Inactive,09-09-2024,09-09-2025,5999,1 Year membership
ropesh v,21-09-2009,+91 9482295811,male,Inactive,02-06-2025,02-09-2025,2499,3 Month's
roshan mn,15-12-2006,+91 9886364600,male,Inactive,12-06-2025,10-09-2026,999,1 Month gym membership
sachin s,26-06-1998,+91 8884838705,male,Inactive,02-09-2024,02-12-2024,2499,3 Month's
sachin sm,30-06-2000,+91 7795306748,male,Active,05-02-2026,06-08-2027,6999,1 Year membership
sagar,15-03-2008,+91 7019767165,male,Inactive,16-06-2025,16-07-2025,999,1 Month gym membership
sagar m n,12-08-2004,+91 8867097325,male,Inactive,10-12-2025,10-01-2026,999,1 Month gym membership
sagar s,14-07-2006,+91 7019989161,male,Inactive,12-10-2024,12-01-2025,2499,3 Month's
sagar s,10-10-1999,+91 9480963661,male,Inactive,24-12-2025,14-07-2026,2000,3 Month's
sandeep,15-04-2003,+91 7087982302,male,Inactive,04-03-2025,11-03-2026,999,1 Month gym membership
sandeep hegde,20-01-2006,+91 6362728022,male,Inactive,08-10-2025,08-01-2026,2499,3 Month's
sangamesh v m,29-04-2002,+91 9742349508,male,Inactive,08-12-2025,08-03-2026,2000,3 Month's
sanjay,22-03-2011,+91 7411771505,male,Inactive,03-06-2026,03-07-2026,999,1 Month gym membership
sanjay h,05-06-2008,+91 6366642096,male,Active,05-06-2026,05-09-2026,2000,3 Month's
sanjay m,28-03-2004,+91 7483570428,male,Inactive,20-01-2025,20-04-2025,2499,3 Month's
sanjeev sb,30-05-2005,+91 8073197459,male,Inactive,15-09-2025,27-11-2025,999,1 Month gym membership
sanju ms,05-05-2000,+91 9591843371,male,Inactive,08-01-2025,08-01-2026,0,1 Year membership
sanju.s,21-04-1995,+91 9535156995,male,Inactive,26-09-2024,26-09-2025,5999,1 Year membership
santhosh kumar,01-11-1993,+91 9886852148,male,Active,03-06-2026,03-09-2026,2499,3 Month's
sarvesh h n,29-08-1996,+91 9880949326,male,Inactive,16-09-2024,16-09-2025,5999,1 Year membership
sathish p,27-11-2005,+91 7416398008,male,Inactive,18-11-2024,18-12-2024,999,1 Month gym membership
sathya v,14-07-2006,+91 7676131531,male,Inactive,24-03-2025,24-04-2025,999,1 Month gym membership
shankar b,03-08-2003,+91 6362512232,male,Inactive,12-06-2025,12-07-2025,999,1 Month gym membership
shantha s,26-12-2006,+91 9845747269,male,Inactive,04-11-2024,04-11-2025,2999,1 Year membership
sharath,26-02-2008,+91 9945607571,male,Inactive,26-03-2026,26-04-2026,999,1 Month gym membership
SHARATH S N,10-10-2000,+91 7090268676,male,Active,05-08-2026,05-09-2026,999,1 Month gym membership
shashank,29-01-2005,+91 7338251402,male,Active,17-08-2026,17-08-2027,0,1 Year membership
SHASHANK M,27-04-2003,+91 6364216064,male,Inactive,03-01-2026,03-04-2026,2499,3 Month's
sheen saywoj,16-01-2004,+91 8921757386,male,Inactive,10-02-2026,11-04-2026,999,1 Month gym membership
shiv kumar s,06-10-1985,+91 9742133522,male,Inactive,15-08-2025,15-11-2025,2499,3 Month's
shivu,20-12-1999,+91 7829722380,male,Inactive,23-09-2024,23-09-2025,0,1 Year membership
shivu k,25-03-2005,+91 9110205236,male,Inactive,14-04-2025,22-09-2026,2499,3 Month's
shweetha k,10-08-1993,+91 7676479791,female,Inactive,07-04-2026,07-07-2026,2499,3 Month's
shwetha hk,22-04-2005,+91 8123534065,female,Inactive,15-10-2025,19-04-2026,2499,3 Month's
siddhraju,25-06-1988,+91 9590858628,male,Inactive,28-11-2024,28-12-2024,999,1 Month gym membership
simon david,11-02-2004,+91 6362432922,male,Active,15-06-2026,15-09-2026,2499,3 Month's
sinchana n,21-08-2005,+91 7204149548,female,Active,15-10-2025,11-07-2027,6999,1 Year membership
skanda,24-03-2001,+91 6364215842,male,Inactive,03-10-2024,03-01-2025,2499,3 Month's
soorath,01-02-2005,+91 6360246051,male,Active,17-08-2026,17-08-2027,0,1 Year membership
spoorthi r,26-02-2006,+91 9606956546,female,Active,04-12-2025,04-12-2026,6999,1 Year membership
srikanth s,24-04-2005,+91 8971870622,male,Inactive,08-01-2025,08-04-2025,2000,3 Month's
srinivas,05-09-1993,+91 8904004733,male,Inactive,08-07-2025,08-10-2025,2499,3 Month's
srinivas m,15-07-1987,+91 8904534451,male,Inactive,06-11-2025,06-02-2026,2499,3 Month's
srinivas m,08-06-2001,+91 9743701056,male,Active,09-02-2026,15-10-2026,2000,3 Month's
sudarshan k,10-01-1991,+91 9663162832,male,Inactive,02-09-2024,02-09-2025,5999,1 Year membership
suhas l,02-05-2006,+91 9738299555,male,Inactive,23-07-2025,23-07-2026,5999,1 Year membership
Suhas N,01-07-2009,+91 7795913994,male,Active,13-05-2025,10-12-2026,5999,1 Year membership
sukrutha k,29-10-2001,+91 7899951564,male,Active,08-05-2026,18-09-2026,2499,3 Month's
Sumanth,03-06-2002,+91 8197316580,male,Active,06-08-2026,06-11-2026,2499,3 Month's
sumanth s,28-01-1992,+91 9141386390,male,Inactive,24-11-2025,24-02-2026,2499,3 Month's
sunil m s,08-09-1973,+91 9886069018,male,Inactive,27-03-2025,27-06-2025,2499,3 Month's
surya,15-09-2007,+91 8073018228,male,Inactive,03-03-2026,03-04-2026,999,1 Month gym membership
surya m,10-09-2006,+91 9538066285,male,Inactive,28-04-2025,28-07-2025,2000,3 Month's
tejas mv,01-11-1997,+91 8618474245,male,Inactive,05-03-2025,05-04-2025,999,1 Month gym membership
tharun d,20-02-2006,+91 9353899959,male,Inactive,11-03-2026,11-04-2026,999,1 Month gym membership
tharun gowda cp,02-05-2006,+91 8951261191,male,Inactive,23-07-2025,23-07-2026,6999,1 Year membership
tharun s,06-10-2005,+91 9008348277,male,Inactive,24-03-2025,08-06-2025,999,1 Month gym membership
Thilak k,25-02-2003,+91 7892201381,male,Inactive,02-09-2024,02-09-2025,5999,1 Year membership
TILAK RAJ,05-05-1989,+91 8050181484,male,Inactive,15-12-2025,15-03-2026,2499,3 Month's
ullas b,27-05-2006,+91 8310969688,male,Inactive,23-07-2025,23-07-2026,6999,1 Year membership
vachnaram,12-05-1974,+91 7975369404,male,Inactive,26-09-2024,26-09-2025,5999,1 Year membership
vanashri s m,09-03-1984,+91 7829659224,female,Inactive,12-02-2025,12-05-2025,2499,3 Month's
varadharaj gowda,17-03-2009,+91 9353225478,male,Active,30-12-2025,28-09-2026,2499,6 Month's
varshith,10-01-2006,+91 9380564036,male,Inactive,16-06-2025,16-09-2025,2499,3 Month's
varsith,27-06-2003,+91 9019884203,male,Inactive,03-02-2026,03-05-2026,2499,3 Month's
varun h c,26-08-2005,+91 8317386121,male,Inactive,02-06-2026,02-07-2026,999,1 Month gym membership
vedanth v,29-01-2007,+91 7892143578,male,Active,01-07-2026,04-11-2026,2499,3 Month's
VERESH S,04-10-2005,+91 7483953688,male,Active,06-07-2026,06-10-2026,0,3 Month's
vijaykumar n h,25-02-2002,+91 8904768031,male,Inactive,04-09-2024,16-10-2025,2499,3 Month's
vikas m,10-05-2005,+91 7899868018,male,Active,08-02-2025,08-05-2025,2499,3 Month's
vikas nayak s,04-01-2004,+91 8792670294,male,Inactive,20-11-2024,20-12-2024,999,1 Month gym membership
vinay n,10-10-1990,+91 9741421717,male,Inactive,18-09-2024,18-12-2024,2499,3 Month's
vinay s,04-05-1998,+91 9632917656,male,Inactive,15-04-2025,15-07-2025,2499,3 Month's
vinod,24-05-1999,+91 6362635487,male,Inactive,26-03-2025,26-04-2025,999,1 Month gym membership
vinod b,14-02-1999,+91 9880920770,male,Inactive,18-11-2024,18-11-2025,5999,1 Year membership
vinod m,29-02-2000,+91 9743466911,male,Inactive,29-04-2026,29-05-2026,999,1 Month gym membership
vipul,21-10-2005,+91 8317350115,male,Inactive,11-03-2026,11-06-2026,2000,3 Month's
vismay r m,22-08-2011,+91 9902431525,male,Inactive,29-07-2025,29-07-2026,5999,1 Year membership
vitthesh r,25-01-2002,+91 7760222627,male,Inactive,24-10-2025,27-04-2026,2499,3 Month's
voshin,22-10-2005,+91 7899410815,male,Active,17-08-2026,17-08-2027,2000,1 Year membership
yashas,31-03-2005,+91 7892596547,male,Inactive,08-07-2025,27-05-2026,999,1 Month gym membership
yashvanth r,24-08-2004,+91 6366238744,male,Inactive,24-11-2025,10-06-2026,2499,3 Month's
YASHVANTH R,26-07-1999,+91 9632939214,male,Active,06-07-2026,06-10-2026,2499,3 Month's
yashvwanth s,28-08-2009,+91 9611355116,male,Active,05-01-2026,05-01-2027,0,1 Year membership
yashwanth r j,20-08-1999,+91 8618765801,male,Inactive,30-12-2024,30-12-2025,5999,1 Year membership
yashwanth sg,15-08-2005,+91 9880805608,male,Inactive,04-11-2024,04-02-2025,2000,3 Month's
